Signer1,FIRST_NAME,LAST_NAME,EMAIL
Signer1,SANDRA,MAYCAS GENOVES,john.cyclist.mcguinness+SMAYCAS@gmail.com
Signer1,MARIA ROSARIO,FERRER GUTIERREZ,john.cyclist.mcguinness+RFERRER@gmail.com
Signer1,ANTONIO,ORTIZ ROMAN,john.cyclist.mcguinness+AORTIZR@gmail.com
Signer1,LAURA,MORET LOZANO,john.cyclist.mcguinness+LMORET@gmail.com
Signer1,VANESA,CUSPINERA MUÑOZ,john.cyclist.mcguinness+VCUSPINERA@gmail.com
Signer1,SANDRA,GARCIA FELIPE,john.cyclist.mcguinness+SGARCIAFE@gmail.com
Signer1,LAURA,LEN MURCIANO,john.cyclist.mcguinness+LLEN@gmail.com
Signer1,MARCO ANTONIO,MENDEZ LOMBAN,john.cyclist.mcguinness+MAMENDEZL@gmail.com
Signer1,NURIA,RIBAS BORRULL,john.cyclist.mcguinness+NRIBAS@gmail.com
Signer1,VANESSA,BUENDIA RODRIGUEZ,john.cyclist.mcguinness+VBUENDIAR@gmail.com
Signer1,OSCAR,RENDON GOMEZ,john.cyclist.mcguinness+ORENDON@gmail.com
Signer1,JORDI,PRADES GRANES,john.cyclist.mcguinness+JPRADES@gmail.com
Signer1,JAIME,ESPUGA MARTIN,john.cyclist.mcguinness+JESPUGA@gmail.com
Signer1,MARIA PILAR,PEREZ BALLESTAR,john.cyclist.mcguinness+PPEREZB@gmail.com
Signer1,JUAN JOSE,TORRES BOTE,john.cyclist.mcguinness+JJTORRESB@gmail.com
Signer1,DANIELA,RODRIGUEZ ORTIZ,john.cyclist.mcguinness+DRODRIGUEZO@gmail.com
Signer1,ISABEL DIANA,PASCUAL CORTES,john.cyclist.mcguinness+IDPASCUAL@gmail.com
Signer1,DOLORES,VEGA MUÑOZ,john.cyclist.mcguinness+DVEGA@gmail.com
Signer1,MARIA DEL MAR,GONZALEZ SANCHEZ,john.cyclist.mcguinness+MMGONZALEZ@gmail.com
Signer1,PATRICIA,PIEDRA GARCIA,john.cyclist.mcguinness+PPIEDRA@gmail.com
Signer1,ESTHER,RIGO PUIGDOMENECH,john.cyclist.mcguinness+ERIGO@gmail.com
Signer1,YOLANDA,AVILA JIMENEZ,john.cyclist.mcguinness+YAVILAJ@gmail.com
Signer1,MARIAN,ACERO ALIAGA,john.cyclist.mcguinness+MACERO@gmail.com
Signer1,ERNESTO,FERRER MER,john.cyclist.mcguinness+EFERRERM@gmail.com
Signer1,MONICA,POU PIBERNAT,john.cyclist.mcguinness+MPOUP@gmail.com
Signer1,MARTA,MUÑOZ GARCIA,john.cyclist.mcguinness+MMUNOZG@gmail.com
Signer1,MONTSERRAT,CARRION BARBERA,john.cyclist.mcguinness+MCARRIONB@gmail.com
Signer1,OSCAR,PLUMA DURAN,john.cyclist.mcguinness+OPLUMA@gmail.com
Signer1,JOSEP ORIOL,AZNAR PORTE,john.cyclist.mcguinness+JORIOL@gmail.com
Signer1,MERITXELL,CASALS AGUILO,john.cyclist.mcguinness+MCASALSA@gmail.com
Signer1,YOLANDA,GARCIA GARCIA,john.cyclist.mcguinness+YGARCIA@gmail.com
Signer1,M. DOLORES,LOZANO SAURAS,john.cyclist.mcguinness+LOLALOZANO@gmail.com
Signer1,ANA GEMA,PARRILLA GARRIDO,john.cyclist.mcguinness+APARRILLA@gmail.com
Signer1,MAR,POUSA RODICIO,john.cyclist.mcguinness+MMPOUSA@gmail.com
Signer1,BEATRIZ,CASELLES MENENDEZ,john.cyclist.mcguinness+BCASELLES@gmail.com
Signer1,MARIA GRACIELA,ANGULO FERNANDEZ,john.cyclist.mcguinness+GANGULO@gmail.com
Signer1,ANA BELEN,FERNANDEZ PALEN,john.cyclist.mcguinness+ABFERNANDEZ@gmail.com
Signer1,NATALIA,RAYA DOMINGUEZ,john.cyclist.mcguinness+NRAYA@gmail.com
Signer1,IRENE,FORNIELES GOMEZ,john.cyclist.mcguinness+IFORNIELES@gmail.com
Signer1,MANUELA,FERREIRA TRIVIÑO,john.cyclist.mcguinness+MFERREIRAT@gmail.com
Signer1,MARINA ESTHER,TARANILLA FERNANDEZ,john.cyclist.mcguinness+METARANILLA@gmail.com
Signer1,FRANCISCO JAVIER,RUIZ BARAHONA,john.cyclist.mcguinness+FJRUIZ@gmail.com
Signer1,Mª PALOMA,BAÑOS ORTEGA,john.cyclist.mcguinness+PBANOS@gmail.com
Signer1,MARIA CRISTINA,RINCON JIMENEZ,john.cyclist.mcguinness+MCRINCON@gmail.com
Signer1,FERNANDO,RODRIGUEZ PATIÑO,john.cyclist.mcguinness+FRODRIGUEZP@gmail.com
Signer1,MARIA DE LOS ANGELES,CEBREIRO CRESPO,john.cyclist.mcguinness+MACEBREIRO@gmail.com
Signer1,ANTONIO JESUS,MARTINEZ PAGES,john.cyclist.mcguinness+AJMARTINEZ@gmail.com
Signer1,GENIS,GARCIA VERGARA,john.cyclist.mcguinness+GGARCIAV@gmail.com
Signer1,ALBERTO,ORTIZ MIGUEL,john.cyclist.mcguinness+AORTIZ@gmail.com
Signer1,MONICA,GUTIERREZ PRUNERA,john.cyclist.mcguinness+MGUTIERREZ@gmail.com
Signer1,MANUELA,PEREIRA RODRIGUEZ,john.cyclist.mcguinness+MPEREIRA@gmail.com
Signer1,IVAN,MANRIQUE DIAZ,john.cyclist.mcguinness+IMANRIQUED@gmail.com
Signer1,THOMAS,SEGALEN ,john.cyclist.mcguinness+TSEGALEN@gmail.com
Signer1,MARIA LUISA,REGUEIRO MOREY,john.cyclist.mcguinness+MLREGUEIRO@gmail.com
Signer1,SERGIO FERNANDO,TARRASO HUESCA,john.cyclist.mcguinness+SFTARRASO@gmail.com
Signer1,JUAN JOSE,SANCHEZ CARREÑO,john.cyclist.mcguinness+JJSANCHEZCA@gmail.com
Signer1,FRANCISCO JAVIER,AVILES PARDO,john.cyclist.mcguinness+FJAVILES@gmail.com
Signer1,MARIA DOLORES,FERNANDEZ DE LA CRUZ LUIS,john.cyclist.mcguinness+MDFERNANDEZCR@gmail.com
Signer1,ALBERTO,JAEN BENAVIDES,john.cyclist.mcguinness+AJAENB@gmail.com
Signer1,CAROLINA,BENAVIDES ROSERO,john.cyclist.mcguinness+CBENAVIDES@gmail.com
Signer1,BLAS ANDRES,SOTO MARGOLLES,john.cyclist.mcguinness+BASOTO@gmail.com
Signer1,MARIA CRISTINA,FERNANDEZ ROMAN,john.cyclist.mcguinness+MCFERNANDEZ@gmail.com
Signer1,SANTIAGA,CAMACHO SOUTO,john.cyclist.mcguinness+ICAMACHO@gmail.com
Signer1,AINHOA,OCHOA JORDAN,john.cyclist.mcguinness+AOCHOA@gmail.com
Signer1,MARIO FELIX,SOLER ARMENDARIZ,john.cyclist.mcguinness+MFSOLER@gmail.com
Signer1,CRISTINA,GOMEZ SAEZ,john.cyclist.mcguinness+CGOMEZ@gmail.com
Signer1,FRANCISCO DE BORJA,REDONDO MARIÑO,john.cyclist.mcguinness+FBREDONDOM@gmail.com
Signer1,PABLO,MARTIN CRESPO,john.cyclist.mcguinness+PMARTINCR@gmail.com
Signer1,VICTOR,BAYARRI ANDRES,john.cyclist.mcguinness+VBAYARRI@gmail.com
Signer1,MARIA,GOMEZ CORTINAS MORENO BARREDA,john.cyclist.mcguinness+MGCORTINAS@gmail.com
Signer1,NURIA,MOYA GONZALEZ,john.cyclist.mcguinness+NMOYAG@gmail.com
Signer1,ANTONIO,NARANJO CONTRERAS,john.cyclist.mcguinness+ANARANJOC@gmail.com
Signer1,JAIME,GONZALEZ GUIJARRO,john.cyclist.mcguinness+JGONZALEZGUI@gmail.com
Signer1,EDUARDO,ABALOS MARIN,john.cyclist.mcguinness+EABALOS@gmail.com
Signer1,MARIA VIRGINIA,FASCIOLI GARCIA,john.cyclist.mcguinness+VFASCIOLI@gmail.com
Signer1,NUNO MIGUEL,FERREIRA ANTUNES,john.cyclist.mcguinness+NMFERREIRA@gmail.com
Signer1,SANTIAGO,CALDERON PEREZ,john.cyclist.mcguinness+SCALDERONP@gmail.com
Signer1,ADRIAN,PEREZ TOBALINA,john.cyclist.mcguinness+APEREZTO@gmail.com
Signer1,JOSE,MINGOT NAVARRO,john.cyclist.mcguinness+JMINGOT@gmail.com
Signer1,MIGUEL ANGEL,MEANA PEREZ,john.cyclist.mcguinness+MAMEANAP@gmail.com
Signer1,PATRICIA CAROLINA,GARCIA CARROMERO,john.cyclist.mcguinness+PCGARCIA@gmail.com
Signer1,MARIA DE LA PALOMA,MONTESINOS GIL,john.cyclist.mcguinness+PMONTESINOS@gmail.com
Signer1,JAVIER,GARCIA ARROYO,john.cyclist.mcguinness+JGARCIAARR@gmail.com
Signer1,FLORENTINO,FRAILE CHICO,john.cyclist.mcguinness+FFRAILE@gmail.com
Signer1,JUAN JOSE,PLEGUEZUELOS RODRIGUEZ,john.cyclist.mcguinness+JPLEGUEZUELOS@gmail.com
Signer1,ASCENSION,ALCAZAR PRIETO,john.cyclist.mcguinness+AALCAZAR@gmail.com
Signer1,MILAGROS,JULVE CAZORLA,john.cyclist.mcguinness+MJULVE@gmail.com
Signer1,ALICIA,GARCIA REDONDO,john.cyclist.mcguinness+AGARCIAR@gmail.com
Signer1,SAMUEL,BRUGUERA SAEZ,john.cyclist.mcguinness+SBRUGUERA@gmail.com
Signer1,ESTHER,FRANCO MASSONS,john.cyclist.mcguinness+EFRANCOM@gmail.com
Signer1,ANTONIO,BELLIDO REBOLLAR,john.cyclist.mcguinness+ABELLIDO@gmail.com
Signer1,CAROLINA,LOPEZ CRUZ,john.cyclist.mcguinness+CLOPEZCR@gmail.com
Signer1,RAQUEL,ALBUJAR DUEÑAS,john.cyclist.mcguinness+RALBUJARD@gmail.com
Signer1,CARLOS,GARCIA GARCIA,john.cyclist.mcguinness+CGARCIAGA@gmail.com
Signer1,ALICIA,MUÑOZ HURTADO,john.cyclist.mcguinness+AMUNOZ@gmail.com
Signer1,CRISTINA,MAYOR PEREZ,john.cyclist.mcguinness+CMAYOR@gmail.com
Signer1,RAFAEL,MASSANA PUIGJANER,john.cyclist.mcguinness+RMASSANA@gmail.com
Signer1,JUAN PABLO,GARCIA BASTANTE,john.cyclist.mcguinness+JPGARCIAB@gmail.com
Signer1,JAVIER,GRANADINO CARDOSO,john.cyclist.mcguinness+JGRANADINOC@gmail.com
Signer1,JUAN CARLOS,VICH CAPLLONCH,john.cyclist.mcguinness+JCVICHC@gmail.com
Signer1,XAVIER,CONSTANT NUÑEZ,john.cyclist.mcguinness+XCONSTANT@gmail.com
Signer1,DIEGO,PRIETO MARTIN,john.cyclist.mcguinness+DPRIETOM@gmail.com
Signer1,RICARDO,PINTOR REVERTE,john.cyclist.mcguinness+RPINTOR@gmail.com
Signer1,LAURA,ESPADA JURADO,john.cyclist.mcguinness+LESPADA@gmail.com
Signer1,OSCAR,IBAÑEZ GARRIDO,john.cyclist.mcguinness+OIBANEZ@gmail.com
Signer1,SARA,GARCIA DURAN,john.cyclist.mcguinness+sgarciad@gmail.com
Signer1,CARLOS,NOVES SALTO,john.cyclist.mcguinness+CNOVESS@gmail.com
Signer1,ANA BELEN,ARIAS LORENZO,john.cyclist.mcguinness+ABARIAS@gmail.com
Signer1,GEMA,CASADO TORRES,john.cyclist.mcguinness+GCASADO@gmail.com
Signer1,ANA ISABEL,CASTILLO MARTIN,john.cyclist.mcguinness+AICASTILLO@gmail.com
Signer1,ALICIA,FRAGUA SOTO,john.cyclist.mcguinness+AFRAGUA@gmail.com
Signer1,ROSA MARIA,GALLEGO DIEGO,john.cyclist.mcguinness+RGALLEGO@gmail.com
Signer1,MARIA,GARCIA CASCAJERO,john.cyclist.mcguinness+MGARCIACAS@gmail.com
Signer1,NATALIA,GIL GIJON,john.cyclist.mcguinness+NGILG@gmail.com
Signer1,NOEMI,GONZALEZ LUCASSEN,john.cyclist.mcguinness+NGONZALEZL@gmail.com
Signer1,MARINA MARIA,GONZALEZ PEÑA,john.cyclist.mcguinness+MGONZALEZPE@gmail.com
Signer1,MARIA DOLORES,HERNANDEZ MORENO,john.cyclist.mcguinness+MDHERNANDEZ@gmail.com
Signer1,MARIA DOLORES,LORENZO MURILLO,john.cyclist.mcguinness+DLORENZO@gmail.com
Signer1,MARIA JESUS,MARTIN ARAGONESES,john.cyclist.mcguinness+MJMARTIN@gmail.com
Signer1,RICARDO,MOLINERO MARTIN,john.cyclist.mcguinness+RMOLINEROM@gmail.com
Signer1,Mª LUISA,MORENO PEREZ,john.cyclist.mcguinness+MLMORENO@gmail.com
Signer1,ANTONIA,OLIVARES HONRUBIA,john.cyclist.mcguinness+AOLIVARESH@gmail.com
Signer1,SARA,PEREZ HERNANDEZ,john.cyclist.mcguinness+SPEREZH@gmail.com
Signer1,MARIA BELEN,RABAGO SANCHEZ-CAPUCHINO,john.cyclist.mcguinness+MBRABAGO@gmail.com
Signer1,Mª TERESA,RANSANZ MUÑOZ,john.cyclist.mcguinness+MTRANSANZ@gmail.com
Signer1,MARIA PAZ,RECIO LOPEZ,john.cyclist.mcguinness+MPRECIO@gmail.com
Signer1,JULIA NELIDA,RON VALLE,john.cyclist.mcguinness+JNRON@gmail.com
Signer1,MARTA,SANCHEZ MATEOS,john.cyclist.mcguinness+MSANCHEZMATE@gmail.com
Signer1,MARIA PILAR,SEVILLA MATEOS,john.cyclist.mcguinness+MPSEVILLA@gmail.com
Signer1,ALMUDENA,DEL SUR SAIZ,john.cyclist.mcguinness+ASUR@gmail.com
Signer1,BEGOÑA,RIMBAU FARIÑA,john.cyclist.mcguinness+BRIMBAU@gmail.com
Signer1,ISABEL,BARNUSELL CORTES,john.cyclist.mcguinness+IBARNUSELL@gmail.com
Signer1,MARIA ISABEL,HERENAS CUEVAS,john.cyclist.mcguinness+MHERENAS@gmail.com
Signer1,MARIA DOLORES,MARTIN CORDERO,john.cyclist.mcguinness+MDMARTIN@gmail.com
